{"ha": [0.7129289183595802, 0.7306087224711746, 0.7467682875276296, 0.7615382645275304, 0.7750380877529324, 0.7873769358474192, 0.7986546108598986, 0.8089623422047225, 0.8183835219094817, 0.826994376984544, 0.8348645842637552, 0.84205783261325, 0.8486323369900219, 0.8546413084601454, 0.860133383932407, 0.8651530190492167, 0.8697408473818768, 0.8739340088134213, 0.8777664497424666, 0.8812691975228972, 0.884470611343545, 0.8873966115670555, 0.8900708893733054, 0.8925150983983485, 0.8947490299080982, 0.8967907729243052, 0.8986568605906768, 0.9003624039605711, 0.9019212142879951, 0.9033459148049587, 0.9046480428932, 0.9058381434707599, 0.9069258543503338, 0.9079199842591379, 0.90882858414966, 0.9096590123793931, 0.9104179942846713, 0.9111116766318901, 0.9117456773866479, 0.9123251312007596, 0.9128547309890109, 0.9133387659284153, 0.9137811561906801, 0.9141854846860724, 0.9145550260765276, 0.9148927732943548, 0.9152014617789064, 0.9154835916284583, 0.9157414478476085, 0.915977118850833, 0.9161925133757904, 0.9163893759421171, 0.9165693009786082, 0.9167337457362237, 0.9168840420906008, 0.9170214073277521, 0.9171469540029875, 0.9172616989517337, 0.9173665715244397, 0.9174624211131004], "fb": [0.8139651316460123, 0.8154483032086023, 0.817254560932267, 0.8194404657866103, 0.8220657296376951, 0.8251899567603191, 0.828867767073268, 0.8331422306217335, 0.8380369188405984, 0.8435474282183663, 0.8496338559899703, 0.8562161799680609, 0.8631745047845759, 0.870355432041284, 0.8775844044328691, 0.8846821689063751, 0.8914821880213157, 0.8978455119169159, 0.9036704603400202, 0.9088960525527345, 0.9134997633877009, 0.9174912887869667, 0.9209043556984198, 0.9237883456160396, 0.9262009222193144, 0.928202243769137, 0.9298508666234877, 0.9312011568636115, 0.9323018985006092, 0.933195767337675, 0.9339193792020001, 0.9345036835172651, 0.9349745364706719, 0.9353533420941007, 0.9356576912838637, 0.9359019586959637, 0.9360978376587528, 0.9362548061322493, 0.9363805244480707, 0.936481169778431, 0.9365617142535326, 0.9366261542450736, 0.9366776981430822, 0.9367189193502392, 0.9367518804355198, 0.9367782335654599, 0.9367993015431701, 0.9368161430705544, 0.9368296052229861, 0.9368403655896498, 0.9368489660813671, 0.9368558400321991, 0.9368613339114873, 0.9368657247094493, 0.936869233852893, 0.936872038340046, 0.9368742796479664, 0.936876070856667, 0.9368775023460518, 0.9368786463509865], "br": [0.6710000051341293, 0.6903254016416394, 0.7156444213575605, 0.7469999896275357, 0.7832326311867819, 0.8218965205429103, 0.8598024056538792, 0.8940000096300775, 0.9226138304238214, 0.9450848313384475, 0.9618690419412257, 0.9739421194701993, 0.9823930437064521, 0.9881963479389622, 0.992129306402044, 0.9947709475780859, 0.9965345958016287, 0.997707335456602, 0.9984850635894307, 0.9989999152216618, 0.9993403431821937, 0.9995652643348341, 0.9997137935879891, 0.9998118432654464, 0.9998765549863265, 0.9999192576974705, 0.9999474340991055, 0.999966024451405, 0.9999782895556406, 0.9999863813098568, 0.9999917196480519, 0.9999952414439375, 0.9999975648160975, 0.9999990975652067, 1.0000001087297699, 1.0000007758000702, 1.0000012158689997, 1.00000150618393, 1.0000016977055237, 1.0000018240528141, 1.0000019074044242, 1.0000019623916703, 1.0000019986668767, 1.0000020225977078, 1.000002038384927, 1.0000020487997885, 1.0000020556704938, 1.000002060203112, 1.0000020631932898, 1.000002065165916, 1.0000020664672615, 1.0000020673257617, 1.0000020678921162, 1.0000020682657413, 1.0000020685122226, 1.0000020686748268, 1.0000020687820972, 1.0000020688528635, 1.0000020688995481, 1.0000020689303464], "ga": [0.6617620248107414, 0.6792174062647973, 0.6955863833698004, 0.7109365349988366, 0.7253312408955708, 0.7388299420446174, 0.751488384962272, 0.763358850897248, 0.7744903708606898, 0.7849289273591467, 0.794717643646436, 0.80389696126133, 0.8125048065719511, 0.8205767470052479, 0.8281461375942172, 0.8352442584437085, 0.8419004436723299, 0.8481422023577352, 0.8539953319788083, 0.85948402482029, 0.8646309677720865, 0.8694574359340095, 0.8739833804087311, 0.8782275106426596, 0.8822073716532941, 0.8859394164566083, 0.8894390739982327, 0.8927208128600341, 0.8957982010084606, 0.898683961830443, 0.9013900266836572, 0.9039275841815879, 0.906307126412571, 0.9085384922866524, 0.9106309081842028, 0.9125930260788664, 0.9144329592879785, 0.9161583159990414, 0.9177762307110697, 0.9192933937194994, 0.9207160787673274, 0.9220501689746925, 0.9233011811552387, 0.924474288620786, 0.9255743425644596, 0.9266058921151625, 0.9275732031424013, 0.9284802758922979, 0.9293308615241358, 0.9301284776189505, 0.9308764227226902, 0.931577789982839, 0.9322354799380719, 0.932852212510511, 0.9334305382509456, 0.9339728488864694, 0.9344813872078248, 0.9349582563446575, 0.935405428460399, 0.9358247529092978], "jf": [0.6023220197466799, 0.6216154112066761, 0.6399507416590495, 0.6573755605381848, 0.6739350598243163, 0.6896721906823586, 0.7046277743563678, 0.7188406075968032, 0.7323475628859342, 0.7451836837215069, 0.7573822751955959, 0.7689749901016967, 0.7799919107912956, 0.7904616269831877, 0.8004113097308618, 0.8098667817325804, 0.8188525841644605, 0.8273920402104977, 0.8355073154466481, 0.8432194752408577, 0.8505485393111485, 0.8575135335825053, 0.8641325394773958, 0.8704227407654344, 0.87640046809247, 0.8820812413055137, 0.8874798096790073, 0.8926101901499806, 0.8974857036564572, 0.9021190096757437, 0.9065221390521856, 0.910706525195792, 0.9146830337344909, 0.9184619906961871, 0.9220532092947451, 0.9254660153849272, 0.9287092716563166, 0.9317914006276169, 0.9347204064997641, 0.9375038959246922, 0.9401490977436424, 0.9426628817461733, 0.9450517764996675, 0.9473219862911719, 0.94947940723182, 0.9515296425590805, 0.9534780171813964, 0.9553295915004583, 0.9570891745468089, 0.958761336464022, 0.9603504203723787, 0.9618605536450104, 0.9632956586228829, 0.9646594627974991, 0.9659555084901967, 0.9671871620480488, 0.9683576225854722, 0.9694699302897334, 0.970526974316499, 0.9715315002911211]}